{"Mauritius": 0.4590163410265039, "Uganda": 0.05768394156587828, "Zimbabwe": 0.7071071224929599, "Morocco": 0.2255925454472421, "Eswatini": 2.215764899050548, "Bermuda": 2.1768058537986215, "Canada": 1.0606156909812041, "Ecuador": 0.5327113310397043, "Uruguay": 2.212002835479194, "Hong Kong Special Administrative Region of China": 0.3043027760373367, "Japan": 0.18994746015432312, "Brunei Darussalam": 0.29604321404456446, "Singapore": 0.13118477358351857, "Sri Lanka": 0.04975312727895463, "Azerbaijan": 0.02918896734037241, "Cyprus": 0.1251154311089256, "Qatar": 0.09951962077648523, "State of Palestine": 0.07571807718998447, "Turkey": 0.2697248421076845, "United Arab Emirates": 0.04152344869283033, "Bulgaria": 0.3217341106291738, "Czech Republic": 0.5430437936737269, "Hungary": 0.6527480799993267, "Poland": 0.2568905024356873, "Romania": 0.2748975578503388, "Slovakia": 0.21448670056761296, "Finland": 1.230736513014396, "Ireland": 0.9001992619010247, "Latvia": 0.5066528637238401, "United Kingdom (England and Wales)": 1.9791795787015651, "United Kingdom (Northern Ireland)": 0.8391216052077426, "United Kingdom (Scotland)": 0.9711570396150855, "Croatia": 0.2486206313979706, "Greece": 0.7440288567729769, "Italy": 1.1799555731189906, "Malta": 1.1658123175933548, "Montenegro": 0.09554116815468376, "Portugal": 0.5617618746776013, "Slovenia": 0.6977516377921978, "Belgium": 1.5871195275665886, "France": 1.67953057388726, "Germany": 1.0881294726122495, "Liechtenstein": 0.47886665568876585, "Monaco": 1.106473057191504, "Switzerland": 1.0263712174672692, "Australia": 1.7400462566188666, "Kenya": 0.02811811768958413, "Barbados": 0.8683686758237708, "St. Vincent and the Grenadines": 1.8063951777552871, "Trinidad and Tobago": 0.25629883860797653, "Guatemala": 0.3594168995547807, "Mexico": 0.2873104459937856, "Peru": 0.35676531331505984, "India": 0.047825228733669276, "Armenia": 0.1265087287839347, "Georgia": 0.13830412394378486, "Israel": 1.1381896196134274, "Republic of Moldova": 0.24699633090323958, "Russian Federation": 0.31985357954351834, "Austria": 1.1166023371248097, "Algeria": 0.1987598769728614, "Grenada": 2.510990065614279, "Belize": 0.40754738723357486, "Chile": 1.195241479616262, "Colombia": 0.5666836292439769, "Paraguay": 0.5387414370116655, "Kyrgyzstan": 0.09725724947346288, "Bangladesh": 0.006559421425364002, "Nepal": 0.0026693303323174562, "Bahrain": 0.6460671637104227, "Belarus": 0.30120596201910727, "Albania": 0.10955793263854449, "Bosnia and Herzegovina": 0.13052067185227462, "Serbia": 0.2064701663396135, "Spain": 0.40348374252482877, "The former Yugoslav Rep. of Macedonia": 0.2766649257880283, "Netherlands": 1.1545946428348572, "New Zealand": 1.7914115712609222, "Egypt": 0.06755709862355697, "Jamaica": 0.10508526957767769, "Costa Rica": 1.1455240710502512, "Panama": 0.35549382004068764, "Brazil": 1.0131150434335232, "Kazakhstan": 0.709423038035941, "Tajikistan": 0.06246458363533334, "Mongolia": 0.23697649650391284, "Republic of Korea": 0.29309684589092316, "Luxembourg": 1.58221226784777, "Lesotho": 0.4588777090434918, "Guinea": 0.012230859778981177, "Nigeria": 0.01554967606427409, "El Salvador": 0.1954240474184623, "Maldives": 1.3021487328792114, "Jordan": 0.31370307322750013, "Syrian Arab Republic": 0.02365803293930666, "Andorra": 0.8153664726843901, "Puerto Rico": 0.536700249962811, "Macao Special Administrative Region of China": 0.46495561690602516, "Indonesia": 0.023669113370538807, "Kosovo under UNSCR 1244": 0.4713027199647616, "Botswana": 1.3032948395096682, "Bahamas": 1.1428909334774042, "St. Kitts and Nevis": 0.9006653078490944, "Myanmar": 0.01076740725734481, "Madagascar": 0.011341049846810822, "United Republic of Tanzania": 0.02344341143405144, "Cameroon": 0.09639527378764486, "Guyana": 0.5092456752346931, "Thailand": 0.034740457479693176, "Pakistan": 0.04098399560880762, "Dominican Republic": 0.09996062902914088, "Honduras": 0.14945275899566485, "Lithuania": 0.41566498956696624, "Senegal": 0.0013425790612248728}